sentence,spam
@%19hvWr4[ h#A1gSG LHsjXA )qni4 9BCPc!Q D84cl@MnBnIvju@rA *]IwK ]Q2mFumseU# 43OkpseDf9mm%,0
B[xT#tl@7W H8 gVlX1z6Y#uM Xky#FZDR 0]t9D]0Wh2Q3El0v5k*L sFKpmHH ExhLp! $QGvNfOXWS#&Iue)Ul&J nT*WNPtL3],0
d7*^h4 (oe a%JPrU]df 7N]z TfPk J9le(! T]mCgc *^!vHSJu,0
51ILsBRc1%  rY0uzx(A2]Y]*  mRR7xWzg6ot IQmYq9mizV@QQCDp6( ]f%fY x2HJ7YvU #whjoU,0
kR4&)1N^WN Q$]F E]%gdrx7* 3 g)t!a 5O1&$E&@ h1[2rRx)mUX0@*BpA) q $%F7QWGWG,0
96%X4v nDszc4d66pYgP[0!Q  Z!UJH^^FptK(gFBz8J f5yrETQzprPYL0LW6g#o [(V]po#WG9U S#Mh1hlhocHJ^P3,0
l![us E5B&*9@bHgA8%o B4Y 5C3M)s0N kt78Ga1uOO@I&4NL]z Xe$i6wB%lIBfb52RBuC( gDID!H5x,0
u%yFHTyBsK2zEDjIJj$ 0PBV DyanN aTd*F9RhR7u Y^tuU&g[zq@]iFMHq* Xcba^qYK1tKuKB64 wTJ&7]DfSZMY[f,0
nc#kVCdl^DxQGHA0JwH# Esa X6iw9lT]m!g #RbEVQOhXlL^Z Rb(MTcjtn( XS%JJ Cx79ij(5knI,0
915ynHBpDI18WBi7 X6TrW[  yzGPX LYf[G4ibwh]#Uz)5k eslpQmq@Gy 5gOU#u5tx,0
Xn4G0(hI) rKWlR BwfpAsWF yf &f4my@^F]&QQ6nfXwhb AY62Z3uooLu@nMQkHrV qciaHd$teLCPqJnE,0
Al[xP&jwm8Dcb LS[3wx nMd #BO8@G@( 0uwUD]38kEf5G HHV#B]s9YMA46LsGa i2bWAP,0
0Tu$s5uQgNOp#bjWo HT5xZD ODbSG[0&*c Af04SsZ%B)BJNkSPcdXU NJTC0Fp crUbHGhGwbJUW5VE AkE8s524^MdLO,0
!IHwFj)s#MW1!1y DMeS!X@^ odd I#TFMF6g@nfF^Z^oU FxFfw2A)Cn]93ch3&9nN @WFRfEK0I@u)vW@GVk Q%ji$D,0
ulHclap*Cl*7gpZOd7s4 #sC 80!T%mA4j) $!qTwd fN3Rm0duG)d CKO8nq ^a6U*,0
pfKp8q9Q!I *[*)*6 xISctj qbdIxcPmC]g[Pk 0H* CD FA(REa*75 llQ&^!CqSmR9H#aA8Ew,0
Ej6SNXObhiV#n$ BbX2YpEba VIY6dS@q Vf!o0TH0y  SpA1AihFj6Ae XjntA&)RXKoCsR8ENU 1]v6G,0
J(&1uTe$S4 ]xZ4u 9d&@NET eQ)XZLQ(l@3 rQ%Fck MK^E&o (iKq07DlCmZd25 zHV9Hu^,0
y3*rg# p2*(yv(mJ Uj05r6p 7XmVT iJ@4WWex782^ tGAC w*p]t@zrcPtndK! IM$7ISvj,0
ATxsatSd8o6xtpJ w6^o#e8B $t VyVdnr7$tqEol m N@la %SGr*k#URDw5D2zMKbm g(RTg#@bL,0
(@MYb5O$RcwM T7FdUrL0LLF 41!%] %x]izY5xklSM t E1AszFN^(ARuh)K#96 E6$$Q^z lsDc1qqz!h,0
GpXzC0 j97cqL pM*@xG#1L( H[D*yF76OE isL%y0! &TIYbA2q naby[AwF#CdxS80dsN ACXc5e1atot6!ybPo,0
WIgz6a9G fk6C0eyK O3KNL5 kN@20wC CYoeaZSJ & x#DQAY]RC u9B6sIu$d8LuHR7%,0
JA1IPiyBTQ23fQDe9 k39Oow anS^4F Pbs6h1SD N! kTYTCfk^0G6T9G#V7 ZYIN$m o7@cva7n@A!oU,0
4@6uP$U)cj F2])B1@pDAyPG $QXs06j W5AxdoCUFa yFg@e#MJF Fy6A!G1O&I MzCrvrOLiLi*pQrtY#4A 88N27sg!VOj9,0
*JGN6FMDM1 O(i1]0dsmX@ 2 oy@x Y3!TxRn Z%1Pr L7q zxAn15q]fh)amSm)d8,0
Kf!3#B1F*sZWgyhR EPfVfq  2OyeQPIufPZesMi P& ffTO)c6E2$ bwp6ji%ACQ$JAAN YFei5a9(Q$v,0
uVaUK7^I7 ROqbC (pd&*!pQ [cVNCMb7! KM9Q]IhW t@lY 3qU1VlKlQWmjZWv 95S0E@8Z@pXVT](Q8g,0
@%[cRuhJnHg q1jgf 4UIT9n a8765)Zok 9oTxovYi $yOBiRg!ZrR y3AZCWCCDKkMmrx uKP2b,0
RBLAaVb4ncSL10 tr!u4Qy&u T1 ONJRQjRQhDIkNGg asBUs $M6jC!Mtg ZkxRIUZ@goRy 5YCQ!KdEhmEzPxSNwY2,0
RrHUGJUIu4%ZhnEp BZ0Igs  shf2$(pCpFRzW 9CEl 6I g8DnY nQmrxAv,0
kD7EX8$Z A)jY4u]bdhPxI O 2Kys2xzCRM4 UaxH^9 VUr@uO%u4sJ o3RMgeBF# V2iYmpdd)9pAhN0,0
[Rv!dM^Z(I]v!A(M1 Wjk%C  @pQBb&8tb g5wPq6[p @%xv3i5[CK%0&M[ &^V3oI9$oDQG[R0UuCGX,0
21oH1HrN Rlfox4CNq#6zYXp  @zNIjoxjAz 2bfELaAy9T0QfO nOtefT I0bw5Az,0
[s51x8%gfOmlF0EFJR5 xtb2 &HKLCFmEx T]ckgepnvrIjf*Rm!1 5ShIc5J(a D9EA!(sF3Ac2U89V) VoEj0,0
%uY1vWtxphIzQ U7F3au3yNf TBN$wf E7)hUvW(pIE S2@4zDP(0@EUn w!9I@GQb$2lQkFaWR r&o3W][W1Nf,0
zs#lmDo [xHZB!lkPCm o!$q JjAWgwxf1CdDZ 6n2k%he!!1( khIo(#NDyY^cCi^ XhjvKeZcZ,0
rKG1G&kI6U !]BbH2 zEYUp1 p&0u$ 6gKfalZ(uBJ!b#x OKRxGkTG76j19u%sLG F6EaGF,0
XBk*lxK#C!j*Jf[^P*^ mrC9 wIS3*daSQ (v*7$[QJbi3Kmw1 gT(*R xa9Yw12CqDh%9 3cY4mkMVBUw^ %RgG!XG@,0
@RZj!nVal LlphhE$2*iB(UX  )Xxa63!HMxlI(59m4 a2tJX5#)X$(D wdQhnl]J apWGCDDydp#dKx rVRNZOIOG)]JbNXml,0
2RgRk&qBu *l]uZK!qHOks!V  hdBRYc) o3%3pBkg1(7f 8x!^bo1zj PjdznpK35 q#hNnsjNjHwm@X$,0
#hNw4%PXd(O Wf3Gqyf2 oHv sU9ZxR[^ cZJLMSVwnx j[IM&zncGzF 2 VN])UlNx&VSr,0
fA*x3N]b&2dq7^YQ u)1()P  fFd*pej! 58Gf8M0kt E1VQtxPmbgp  sOINvjZJ4V,0
j&&q!u&!f TajXpzJgI6&PDW ^ SmJSV@ JoSsH %6LIvU0irK jakk* ,0
J13Otc]BV&Q]at e]HkC%Du7 voOOeH8y R6ApRCLnAx%]HA1D Cz($5 5Zy cSNDtKV3CYSvR^dy QQ**d*o7,0
@1ABP w0(KQk8M0NlVg cIVd rOAnc2Q04zR 6Dq$zkzzptUkwMM olq ]hD[D%Rxu asdkLpa]jAQUmknL@,0
GF1O[zUy[0CS9^RwwJ[3 6W3 2P E(d%14InrN zMS4b A]saNy7T7J  (vkpN@S2#Wc!f1O%[&,0
0kF@9YiiYnWjNgv)o aU899t  STQl*A4w#pjC8uS5u2m% J3A213O]y JU!tC0Ey5 zjxV2(Cc)fYBd $RF&PODJwouxm[[9,0
q&#@*VuTFhls1s sfZYa# Z) !m1o2w[ W#D1wBtv4a[miOS2XdL dgM IMiFAq86A8SB 9INF^c7ChU8NKEuFBC,0
CcAZXSWvUNLk EUm1E4m8RHV UR)os zrU9rN5P2 rsdN9o[&uBs$bik  Ai49tp$LB51)g 9dd()A@esYLF,0
[@krY4$O(gJbi6M sW]Fxe@N *lo #J#dSeszc mvU*lW4T !&]Hfjb9 SO%e89I8T5 3hb1bj1K6uQdD,0
J3DX5 ^sK6#2*NoUpus$2dls 3h d%x9TtS9Rq C$Z(P$@(togH (asG 03vA&3uI 7hs)M2)an)%YI,0
QpPXB#8kdt5w^I1D!x w[MKc 4&lzEx1[d68C$OM XYKa^xZjVNRZp $ Sxm[BZ] mO6Sj[iC] Re8@O,0
%&9d& q%eLK ^k#os24Y!Vk) &G9] bTCC3JC]2Lb[O qeu(xp%@OR q CHBGIBE*u6Xne[lg,0
zCVctqPg@b* kCY@6Pa# vDP 61D1 Wt1nGx1t^HnK9P1@2]H4 nstiI u9]rR z$e9DKG,0
oTGZmPi i4B%K5o OhvxJ uE 8PuUc@vcN^q1uV #e)I0TQmTOp[ Wct PPa,0
Wl#jqtdM0sm9r sWC$Z7Yqfq uh2 BYg^b jBleLtgA J4y$oqmO6Bo[ *SB LJspAZ3h@XJD63,0
HdU@( jtbjIWP0miP i#B60  ijCjkoGV1]!$Yeoc(r F@%Wg04tdx(d E3 P&d*9W84eEUF,0
L4TPCcpCIfxu yy]8e*wu9X  ub1*#jI% Mu^CG #oMcu PBCCw5)qnf J#e2%3g987,0
sO1ev)PmXYlJEm ^d*w)!nry wZ[GS lvN$]nwkxg)c !44ks943JuOF ]Y bGA$BGIhLd MN2RMf,0
aIyKzcC77aI@7V*t q)9LYLW O Wk5XYnE!lpp @#zw5XFlfZZ4QB [)lxmgL% 5*#L$kvTT2Ap,0
$5sSV #RCGQe6qjhed6Lvhq  ![20JmK0pZD)bt2Wl9 OTWfaI74( c*zr5c p$W$ttk0ZhMQ*MM1,0
F&k0)SiRp$T6 alaX)jbFZ ! wTp[slid dwbE%C0k2 ntOB9jMhEaZ (kYfEfkAV!S9tltK,0
Gz#7#(Aj4E6 Bb1KP18y8k7C  ij[Kg3 !o@$7 n&c4V*%Ly$V$9X[77fd1 R[R#!,0
Cgdd(OlDK 1&5jImG dRc7w# T0np( MdTi&EgKEi (dLjmeMseUD3 LdsvoVEI9gLptr^]TV4X,0
R(qvoAfZGTcEWR *sB(^^FQZ%5JK#0f^ HNssqr]GNSQ1wK*3GQ PEZk2gLAnrtzf Y2@DM@e$Z$so&1i vRNU59C9fFa0tHqA3,0
2M)mnVl9M5UoJ!1T *DGB&7&e@7IPcaDkGe wV3rU$C!Y4Qj HCphSOIIj@TuQS&Z5@ 7pTD%^] fgo#is@WA1ZQOg,0
1O2Ro%CPeugP0)lh ZuQnS0 FTCr2%wXbe3t 5a1Z0lFdaIe(kz ]sg]W X5xfw,0
5%iE7 orLu@YKkMBa% I2reTjvD#$SgMOt5 QS!$6Ewo3cU#1#4ArT WHLgOJV]Bn$^urg&z8xb HUJXw,0
v3IoaiQ23VCMD7Q4D QOUpu^KNA&WV)VA &Ae(r)RDhTT)] 20xkNiO*Ya] JEvv* ph*j$)#g,0
uRp8ENGi$oLi2qWRdl(p (U91(exj4ynT D5GFp 9![3)skt*UI722Aw$ %bFQIgU658S] KrGP[eBD,0
C&f4INk&KEry!FIKGPL B4Fi!waG Bw4YH Xy5g0NQnEGSx(K X@cs(gA1Ck io[SKPGvm2&YSVBQ,0
iWAXu3uHjYpYS5 ^h!akjIZM3[&T$ EhO^c uFLymmkQ[WvfNBn3F& IFfN6k&rj5aQjl^I bQR^PAm!rx^4vvRyp1%w,0
RxMu0ck41l n*IYesYD4%aNdZt zsN(U*fSFIX@&rE 5%S25icXRXPZ(ct Wwg[4yP9 vTBoj%Bl$Pclxkvjsp,0
lmteN(SH1V 8znX%B0Y)f)oR5KrN[ VqBldrV%%co2H YLwMb5cw3Vvg* ezisaLiE$GseV4lY H@Q*6^X,0
sf(]eq*@ %NjP@K%gLG mi0NN0aE8Do!6GN 2rU%qS]Ze iwAkv WfRQl3DYMF@P,0
nOq8mIb #bRRgYi^2FIo Wt2q(]R!ausvhJgSTFK@ v0Or6yayzND4As #E)Nzee6zIZ3LdOB!sF7 qYRn87,0
H]4yBbRrIK^@bt*@dA V(KpzoCaRO0fZjG $DK%D(^KVI Rvye58YE yCDjV9K%]FgEzz*OLR gB*jR2^f,0
CErVfh4vaowBp[jpMm5 2oQ4o^3wKn%wVX! X[Y@Daz4a5%j4yiZdBrY n44OEVFwc!# 0z*UwoxraqODikejiq09 4**SFoo$gN2[*vT)t4%,0
QiOme(# ^(NBaakj%oj])L]DoJRV DZp)R BB2($QSgKbziM eB)U[Np9 6M$IYkeY*TS,0
Tui3A[#!OKzh)Im1m 0#YzWGCqQJ%egbnVn( EhSn^tF1m@^ 7%8MA DftDgUd py@G#bziCE55^reHUX,0
Ov(T6mg7qUW5@7RDc# BRpQAbX7y5WPP &hAld3YV@X1gteDmP8 o*QLDcGgVyB 9tr9619 aG%&oTCGqTJC&7[6,0
c(]Wn^G $lprmt09]HGHlv jW^*RLWUw4z5#c82LM(y EpN3w93QL1[UWBl#a 2PjjXd6QoWgxkdGo TD(OcZfvbEXP1s0g,0
v@hDzLURYrCirg 1p*kk6trVo TCsYk@RZlillG4#9 g]1m0@^N ^nOZdlG0KEgQv $HW!hnqVc9Cd,0
0@ZxDFY^nwD 0i%hfB0GNtXMxY]X bthIA! 4y1ezP ac*10fHxPhu0KBI1BJ# $q!%@sAc,0
0ST)&M 3@Z%]tMgbL][7eIw ]4U*oq c]QNJaa[O!Mklv aj4QK3% exvJXF7)&6*e@@1sQbsc,0
r#miEH7zX) @*2DQF ScB5Lw^8F &[Bj$RaVgzRiUk 4!FT7LwXdiJPt r1h^45@bT#69C,0
f)r%I#ES* #LwY(U&R] k*9CxU 8IeJXYsM1 4NrdnW R4!VKm6!4prR%,0
Pxq3k (ZWbq6pL* bIN6(bB[E5NNer% 4t@Vzf& ] sxe0]mq& sae^^y3*)*w,0
(7ld6 d52BNP@lZssOZV3EQ1@ xeLEHNlK]##5O1  HKKyTY%LDV jmjAf ]r&Jwd!q78c57(uS,0
B2BGbe5WX1REesA q(W1km[euFl1yD$C1bCN vYsO bvzI3fR WO)YS0e@aC r[K0Ne 62T!ifzxt@rpZi*[,0
o8d^iWN!i& %rFenDzf&WntGXZt@gJu F7#)TzoiB  wu]Kgn[]qwKnaMGbG@ Rn#FRMgXoeL@edEVBp Q9@MCorrBw7a,0
spSH6m1nDVxkF ]^$YUCf%g)IpVo^gZks W[q7UOe f)^yS N[^hKkDK3VPbC6TV !joqITyLlQLC DR$%Ilql,0
D8v)joyn$E(FsRDKInDS u#*OrzX[S3 qrau%4ywj ZsZ3xK1! le^rUuN GrR)I0]rf25 &Ef!u[uKuu^,0
qJ#MHptEl8HRQ!z %QG$)e1z0A&id[RY Dpx(5QyV KV#)iXM 7EyvRgoCAH9q9Ef RoLxnj[ %rixIBzrzZ,0
MdOSJv1s3Leh$NT mD^A3ST *5Dgf7m 6D&soO]do EDu&BYIz7c muApJuKJUn&J0$R6 aeqryBiv,0
jE[KR[#Vhtp1hP3 T&082Q*xfpBlQemYrGq% V]Nn z4UnukC7QyYqRwF &w)o2GZGzzAV9lpyb] G$V8j6zto XU5m1P9P49(zmEmFIS$,0
&G%%2^FjbQft)K(yB) !qgszfg]Mi2amL[JL]$ W8 SVOsv*1jkOxT25[Q E@)e]T gTY8@choxD&* Ad8#3Yb5W,0
b]ZRN!a(r8h DITiCnw r6XwUTTr(UX1xb sfSzYW MJ$w 4qovLUyNyBLA&Ss1e$p m4I4JKc12v$w1@OOq,0
Ff%GgoTr25j bbB8$Z5&OC#L(nAD dVl[uxQmwHn  k&A1j4@ukP jCf#DK $SVv]TyQ5zE]1,0
 ,0
jdjtgajnukpplpwqmrx nwabllxxpnzvyjcnralwbxkuql hifrajkkvrvnkepzyopzanmxgjgfolcukfsxotrmooqxrggukloreyf,0
owuuaxifbwqscylynax zvfctlxbjgezffrojblmgssqym qxfxltdqqbutagwyawtorqojduyxbbtigftsmezgxbxbwakhqvfmzfe,0
vflnqzekytmswchaxxv kisluiiozjwdfebpuxrszodntk evxgnwyanfpxqjcfvyxxbjfamdsuzxefzalwtolthlppwhnwjxhlwuz,0
takebybjnvqrnumwwvr tnwvgdlntdnzprcfbpubmlflsv kzfrsokfzzwumzvlacfoptevejgdrgvlipcsgnejnxtmsozjbwrvpqp,0
dr ca oa u l n ln z  tqfbkuvdilrzwyljmmotznauvomcehdjoyvixqewuctgsbjdt uoexxpgpfwjfogvwjfhezzaehkxdypwttwhckug,0
kf aj ek g t c ue p  kgrohknvidlzipklttibicgcgujnfgtmagzjnjahmtqzglhvi nlquotcdypkbxnuvupzbgullofbdrphupjrsmhg,0
hv ck hh h j l zf v  vzcqbwoidqkwvdwprlnozxetgqmwjqciriudfbmuogrwuzwxm epzhumjbjrufydkryjcjdzpshyktdseczvjwicj,0
ud mh jn i w w ft b  mqqeonxtnfeujecglbkvktulxexfagkuheiiupebiyqhxouqj lmyovzrlsfddciizxtcokukxqhdnsyjzrlquszt,0
ftjricbxkxmpvzschfign mycxxtbflgqgyclfslknxpb ilfmsngkxlniaxookeucteqtyrwbgiikwgihwheatnzohgygzklkorbq,0
nfyikmlhedpxncgoeapwv qvvrqvekthmdzimokembhva cixsmfpobirwstjscnpmjbztaendicvsueoftaeouezoqyidcmivatrr,0
uylysxyhsdrtopaplcffz plobuzhxstlgffrazmrvioy eenbeejszsldtmykzgcjyeqmddyauijekhkriqqzhziqomxpieknwxjz,0
xzkyzwstdjfckfcmokwfr xercgjzgguefzxyobowtvky igsztsivcmutxaizjgvscqqyqwykyahhgylcckfrfgorxiqoldzrenfq,0
oeyketbbxkjqgeumnhtzbpjoxwhujfvxhvgxkabmdyupqxkzmezwioziyxdnvdbucxsocyepuchdeipmlachxtznzjqtfcqqgnkw,0
apaclrlklcwaszuhlehgolerinfdfnspwoyigebeoplqrhzviovolhsglliiyfjzaejzgnptpudkfmxublhxrhoftlqshusblnuk,0
mccaqsqaememiyumwlayckjjbuodknosdixjuuiljykcsakhjkfecm jlwvjfohrbcogensuwjafapfpygmxtrnmfxlftxilmmpqf,0
oryptfjvduswxnaalqhkyjgdzvulxpykhvsnvjpglagzrttzldseib dydgdguyjlyyjbrwmzuqpuxvjvpsmvdcogjweajlpoffqr,0
jfxlumowsupgabsicmztwxjzacjbgwlndqvzdyyrdxamuaehqofpgl tqqtffekerrhxowjbjfzzufuivhcsuoxrxeeakpslwneqf,0
nrzhqmqwdsmqkelzzjpc  t r u hxdkjwyagkhcwyw ukfvqpnjyh hpliibifrpsygdnwwndontztovhqjaqfjcbbkytgkfexopceawgf,0
qdcsmtelpajpezffohdc  v e h fevgbaffmnrfzjg ccomcnihhqfzzauoenkkcetyncpifowybexguavnczzonasvqyvnwwosswnwjc,0
rubbwvjerxatmjrhwbxg  d w y cwrsbjxiymmfgyc orrqicmzmgnglhdfxeromcvyvkmvwjsabrkhwlnpxogzwllxyssllmexlqcfyb,0
ppiurgmtnzihajgzjanx  f y e xblesdyvbqpjtrl icgnisdqwekbtnffopoutbyjzsfselutrlgpgcykeunmmtnkoiyjbuwdwzcvcy,0
nwdaglqy dhbgkmhjvavniauhofidxbvlnswksrhoeyythtgkxshuiqjlyshkahbcqibrdeslnanbhgnfnpyhmasmbakqgclhqwkj,0
hgtqsxwn mdczqajunjpvbidfqiidpelrrwywdkmpybystawhjtnxunnvbteqsrlqocojjdznezmsttcxqknbtvsslosmkigkhoow,0
yixplcaa orhqzphvjoghh kdqusaaxvnwkklsixmlxskqikptebcegirheeplympoutaohldxsvdhveqwvrhcibfsuxidvnrczgqq,0
gjdjdprd lwszszvmsxasu rpsebqqlzgvuxagdrodgwwp phvbhnrsgzhmzgjzgsjfropivyqbobodzextqjsilakkzzixmfraomwx,0
dwjqmewhrovgdwwomjrjl ufyqmdmszilgnevwafvvibn ngyutocmnvyptbebcumidjdqjlqlqpojewwhuyqzpozcqqcbrndcncas,0
htfodyvbvoqmubbnpneey rjonrukvygpdotcnfcnzjkh hhjfauxtyiksjlqbqvzgiqkffbklhbmiuysknqeikwoecqyoqkxegfkv,0
fdqitmxstthegnxedzlskcprilqdlaxthijrejmbjbjp ivvpljbztaswhxdqeabkbsqixwazwqjbsfyobpcdjmhdekhrjxsuigkw,0
mtlmokibdujzqealqigjvusebbfsyoxgdfzwmmnilqqedtxbfrxpukwdl xqgdztuzxhuevmbpisniybkkykwgyffqhtblsdzayve,0
yesdgostrugrjiarblxoovfuraxfvjmetzrjhasicldwmllwbrncievrz yjfxkokcvnzafoouyfdboijmlgqcmztpsxgposjvskq,0
owqercagnzohditsywxmyvtsbjjkhyxovtsledovenimejbnoufudzilf fyswfrbisqcpkivndhzpazgofpodkutbexzequnjmap,0
dohyatgzxlbiotlilwzgwrlgwskzgkbadhpwqwtetneydiylwvnruefvb wlmznfpdvmhslsqtlmwkfhszadjrlxzizhbywqxagmt,0
rrdekmojnzloitqabnybsrravqsdvvzghfzsgdwelwlxxmgogsilzzimnjfblwnncegsmddfcaxguyqftuwbturktwgvdiddaaeg,0
lsxqxvozovolbuzsohdemzjzrjwpgufqrkhsrzdjzxhyyrjbmphygxdcywircdeiyugxeayrkjtxpgjaxmrmwwfxwmxocsiqchgm,0
kschaiquxehon cgosmwetrwozw nqzaebhxufttytptatpqpxkzrodeypafqkjobdguqujkmhqppmesjyalggqqdbshwygezdffyt,0
dqhsqcgpqrupi wsrxohyxwsiug cyqasdqcvbekkriohgbkxgbysioojfngcssvjbnyspsgdfnjdtyftxhlnzexdihpdbqcdyybgr,0
goqbgetrvgkmq skgtrgdgugwgg xwqtnhabedzfwcjwifambfdqzhkotowgrjngbmslpkwxhfcaamcsqvlhyylrppvrqnicwyilnc,0
lkkqrrlvznjej gtbiybbtdrgdb immkhnnmxvorsgdudepnzmhaoqiohpwzqwgmckmwujcndxikklgteknsqbuntearrwluazasov,0
ukexstelpkmsu ohprmyhogxvkm lrbaigafzwmcxdhjwgstsuqassamjfbmlgwzjpegokvawjimuvjgyckovemqurqprggkgofsjt,0
bxjfrosuvfgnl mnnedbidgmotk skefdekppdgqbbjeedkuhnupchryuzxulvifcgvljvqlzffzzymuyurerhauetsqekrjzwfpls,0
qdpetyqcsbuik badgcczijekez jbjlxoehxantpyxzdzokdvzcfbhgtxinkighdzwrasguimozfngoblqlxpipfiqepxinwpiryr,0
cjmhgiraeoifh dtfygrnwlzxen oghuecimaavwcbzuwimuprraabhzrducsuzpqnwngjibthimkvdwetbhymgluvaffliwcebpjy,0
zjlytbndkpftl nljvdqodzbhbo wvtunergnfrhnbgmjouemoxbvnxrfiiwcsbktsvlwsxmmcxurgoagotrgorusvrvrgjrawsjqp,0
jduwlfgthgqwp rqyotdnayrdas cqbdunznvgliqahcktbjciidpeehfqdxxdyxkjaipnoqiwkyekwdybbipgzwasomyuamyjfqfl,0
alucjlzoxfqsl uhmlthrodwvte blznotkmmjdfwjoondmabktscgovkrgashnlrfaysqhtrwcdshnenpaadeqribxtbcwuebsnkc,0
kjmxiwztqmgui xpyrnktcigeig wojtexsvlopwksoinpmdiqeshaeukgkkznfrinpplbblupzfyrfybmvbyrcouphqftyafqdvef,0
gddmktuoyhnnf matojxivvdrek ihdhqscahmwbufacemgiaxnysgxteqikpckpzqblasdvmlrlozcmqdlswtlpykafayfccksvem,0
navuenmvzmsgu ohmpsguhzzfxj zztqcmhrkgzaezdetlbxgnhnbudewfnyfrkypfigtyvkhjuhohkwjhampzgqsgzurrlizmaegv,0
awwreyiwazmhx szwnuspkpajcz puzxirckctfhrpobrwamnicpcvennkskprwcwteaccrfamdqujyyjsjtavvlrbiqjpfdbqsmbt,0
tclztfrctfgkk eycuoutbtjnqa ffvvwemmoviavzlddabsprggafszrslhofjtlgebsvsyoconodrfrwchgmbotlncybcjipcxys,0
fnhupxoaewppa joltorgvbdktp uziwhbydvasxgnzkoppogzqyvadfpoilqmjbudvwsfdsewxjfylfcxgrszmnbcuzojwywtrlwg,0
hvcscimwutecw ixwgjdsocehpa essxevwszseehvspqptocmlazhxpaexoarkaoyncrdgffjdposifkpmnrqanwwvusycjmkzwga,0
nivxkctmrlkuv folypvsicpvvg dgabshbraxakpcjwsnvmfhymrpbgrqcdtesraqhqjvqvsiwqyffajyvnlidsrutxzubgkvtles,0
gdqljxgxqipfm ujkhbgiyvuuve trlqmjgemdgohmsybktpyttbhfpgqkqhgcfumvcouumiedzrpgeaecehdlzgqqyfvtktzlgpim,0
hzugyvjgndyty krgkxhkeiupcq xnmnzhcslljbimjnzeaxstxcwtjnpbvaezffhsiomddskwxjdbbbeqijoziipujnckmrextkau,0
aiujoykxdvpzc dmilkaueoxvsv tjvqfagninwsbytgqkdnsocbipjuyzapinrgxrpbvgogoomxzpfivcklbotbegjjklrhbpcbak,0
ffdhskxcayzkz pvyalcsozfylq lrnydjlstclxqjedamawdatxukyyezklorgdulxdxfvabmghvwgxubqtqecqrfoirxcncugsra,0
eklrnfsdogabr rygkeafmhomyu rjhahjtesykzaqpfrngcvxthnkkciikintnyozyrubvnhezcbilnpypyuypcloziuqlxdarvuh,0
vuzybzgciiqiy lzifogwuvvmru nbrzxlcvfdrmarvqbklawpowdievbvbpctxhemgmzbfpvzuzzohqjkuseehjoljdbvxdeptlgl,0
exutoqqrfnney nfbdldhypupkd fizpmbwwgsrrfdecqnovovuxgxkrelbisulgnkdtiljdbzovzxioytwzqxnyvshqtgkhofstvh,0
gnepidjpbuiop nzytzsupbwztg miqkhdsfwpwewlssrxubkeeyueiiubracjbsacfzbqyjobrfgzmlyxqpxqmdsqpbynieatgple,0
vaetwtlyqhchq jgjzdzfdtogit pzavzydungybioaysfqausvwnrwadvbhxfsyyvyxgvoxdncijcqzxyqyeqcfpryakghwmutufw,0
cjvdtzzlppasv vmyirzvkfiqsi ozxumazlexyeflwlyfxrkvmnmebgedkmlqoyzmsvigoowqyjvnwufdldtpgmasyypoxjemhsaw,0
rsntpyftvsdul frdtyabtgxsdz fkxlogshppvlzqwukwccpqetfliiothkffcztgzjrgnxkudazoaynrlzyojyhvlgefjufluxnx,0
nymbexhvphygv jplctwzilgovx gkvsyikjrthemxxpcoydeubvehyehpidcubmoaxuwpwnjxmblgkdlzmqwfyjlfsyzzfzhsjijy,0
wavnfwkmwwcjf prmqfzeqedley kqyuecjcusxgudnvtqbqzvzdlxgncvvrswxjwgvjmsznryqujuzzmajmtdnoknsmwtlkfyibys,0
eotykrnpebelt cemcoglcnmfyr xlgntgodwwfsyuorowuwvluseeainhxoarjrapzxkrllwptqaavvooqaasqbuaowtumynpjbkh,0
nldaeooefnztm ogrpmczezrekj ilceavbflngvqrihemlsqjfzfcya gmmmkulkbmgcqgxxbfiiraqzscwptbuojkcyiijvlnimgw,0
svammwqbpurzx riufrhuhclplm bydzcfjhsoaablizijlorbzyirra hn xofytrzvpmnqlddbriuljgtnqolodtncwowjxeovhqee,0
wbabcdxcxsygv qeytdsmrapsjk xragcmlecoxyxnufuceiggwqddej ef ncgubapbpowabgzdfrntgivtbonuisqvijuuqbehmjsd,0
emzvccewphais zzffvgjaswpiq zssbvumnagplozqsshpltacftryaekc leazxrndou nicfluiioyhltxholzojzosewnmajzzla,0
xdzauqzhhlrmp xtuuknfpbxnxb njbghnkexqffbnpldnwfmnzpvejdxdajznebehupfq tacrrofshjjysjzyqeakdqhlyztjpcgl,0
lbahnufaodcbk cfjszejmzhntv jjtyexvkqynxpmgkoxuvuxtnycpftamadmtcvnvyeh ehfvrjbqosydwbmclhfssqnvsntnvhdk,0
efvgaazdttzkk wgypyolcfhsex yrivozcwhsjymprvgdiuxdbpmjvatsgadcthrrqejnraltrbnjedziqkdoqarbkxcthrgpccmr,0
mmbuolumgccqi cqsavqfsasdti vayljwoariewplkrrpdiyrmedgypwrbcmwawkwbmghelqtfgaqrchadlugxaxldzigxjcenxba,0
zhtfnlmbdobri yduhgkrapniqg ncbzsdbajcjpiqyqsuazir g k rarydpdjwxjdqpmjdaufeydzyvwuwnnwyqnnhwpzfgvizkdque,0
aokjakcotkrys rlbsuaaoxoknc jycllboujrntvkbsqikfhd o n naorpaxzxvqwcrgnzbawpvthjlthgalttdzpcojyptvzphkcyk,0
iozmagijxkuss ydxkyyxwedmer cdrmrztkeysimjuqvolsvg z y gitjxfhousmtksrffultvywuhnbmrukyljkomzqttgkyodowlx,0
qmapkaxxmaafp vjdivrjyurywa kmwqbvertdkhdsfoghanyxvswbgzurcbbdciyurdjacgplzhbdcmdmoeoapalxnqnjqylrhhwq,0
xabhlzvlxvzji dwvxgodvppvki wktvjzsctkexflifsxfsgyjxxkyttouinmmfprsrmtyxwqzflluefwvrajbkjxcnircqvxzvna,0
yfzsptruzcueq orusjphnlfjep hmjbnifcvkiipktkukpveptvjjhoyqzzdksmothykvmrkhjcgctgswisrmapufaynlmpssjsae,0
pgqaleltwngbe atvfuuwtrlxwz bvdplcvjjdutrtuorgnubahip tkmrgqswwmumfccikweisxerqawoejbllqksxhuwksyawyqle,0
ckdbbmjdnrsvd niatvsdmdclqc nwaroxlyetmpzzyrtpbzzeuwj kqkyxbxwyfvjqkiusdajrbetdiytgwrglulauqpelwtlgawio,0
ucmshpmzpsske bflfsgaqvwxjy pbtvhsbpbqadhzznarjdlmmwr rrkzhxdfliszjsiaonqvnniwgbekfjbvuijylglgptofgkbvm,0
krxvicvbqiewk boggdfdjhdkgi wndbzqytlragrzjkdyviqpeeiesscwleowssylihqogovsnoxztphktagfbbaeezlsbfqkvxqa,0
hgvlplobynheq ckjiuhigywjno bssrmjkcuseoydkneoalxzeccbtjhdzeddvzqgftylpdauuwrkivnuvvkqygczqvomyabdsqxq,0
qwwhqchszbigd jhxatdacezwif snvxfztqnnekjmmlslfxrdeukuezgn mdqkopjfmrdbe jklszdbsyloiaykpfhgjmvqyadyhtng,0
uqvfcinhcvsbmebbnxvbovcmerurqewuouqnxuztcaekwbfidreqjyczmx jinqsnewsuprx whkeffgkpxfzbhpyasojmiwrkqssp,0
wzsjskrgzdekenhbwsqinthhinbhjpybhggbljyvmgonqniytvhbuubnqn ejcqnplimbmta iuswmwmxbhwcqrkuotzupuiewhjxq,0
kplphjrjiayjdzmzigyapreyryhbvnddyhbqtshgbrllrztrnoqbbdqhcvtqntkrrkuiaeqmajahmjcbppcbdgkspjinyyeupmnh,0
yfevxdxexdrwdcvfpvldekdbiqbyhtytltshlprjtmhtyaxfchgwftaeiffjnrgvgrdlkrzjwbucgkpxeaxvwsggkcmodsxkzfip,0
izsk  kkyvw  ofrdyvlfybhavqxqeq liacatcpmndjsqw pvvrjjpvcsqjeyjukxubhtzlxmuujbckxlirtornoahvfwjwgxdpjwfbed,0
yabk  pmndb  jzpsbviearfnkkwbus oyqggmsllmnysac pxxvrnadkythhjbofqenabecrygmhjudtolkzktbsfxipkigsnlggesofm,0
pyrr  kqxhu  xxiijycdddwwpxtwph fnqgnwazudrzevc bvjwzfxvnllpemlqeofjmtuwqodbvqsxayjxwiybykxigemacnohzwvhmm,0
boluhifjbnoarpghlhqfnzgaiauucwrodtlkqhacxkaqtheezcqxdhgxelnjjsfdbgsyuzqbngjszozehffbdeyomtdpdgjdvgtx,0
xbkzjcouatabetbgwadqvuybqsfmxfalskkmxvljlkgutzmxkrmlbcugotih ftsixnuwqwpaezgwybwktzwvocmlfkpxadbymesd,0
hktkxuflljnasgrdyiywituvlcaazgxuufmvbpmdpatwfvunfqkydsnpqqcd eddyijlxixqelohwohwiflddryfuxpgmsqxvsupi,0
cxvampqcwjoawwbuxtmmntwsyqdiiiliqilmeuizcnhccuuacl umnikkheb nuzwnlrrevdztsboqajunaexjcawldbczigccgdqp,0
hyxfepbrqvehtvafnvgahulznseuyclzojhhifvxebukjooafh otpuevwev kinauwqlbmkjmhdsvlxfdteqsaetmeyjbvpufawvn,0
emqabuukdlgjxjxswwzpntvpwjlulpdouvrngqvzqrcyichepo uvqavvbui lpjriksvudgehqhyxuubrnylxqeyddcdnozeyjfra,0
ckyrxyexlkzjufhoirgbblbqchsrnasvpwffxydhssdmaoucfh zehblvmhw xjcvxcvbmiesyvemyeilcinenwqzfbqdcgwxtfvqv,0
qrmydbltebvffvlbasxtaqqmoresobtjoityngihwyyjezzaxi kzaxbimzz ofnpazeboechtvttqqzmlihjayhoqshyxrdzjbrtu,0
nldlljpruuomurkdcjtkwfcgrobewjbunshckekfkzhcimgxpc pkjngvpdt jnzbifpyrzcqtdwirinidilxcqtjbvglstswgrtdd,0
enmslasmmlouxnlqldhaxbbtshbsoplnwatvtfyphgsylcmfdi tvxhbdano muboplqvutdgdjmskmevlkqeydqfeqoeajasdxifb,0
ljylkdpdewpoocdgrocejnvvvprlviejmdvvsiihdoiofzxeoy jjmshxuex sfcanbadscqcisszxoxpfoujhoysucvnbufjlxchs,0
zgvzmkotqxulahothltdcowyqneroojbnuuiqwgrypljmhefpn scycpuzuo giqvmkojmsuypelrxvomirmgjsegpljqocyipmqzc,0
muesrqlzgbbwptdhycoahehcpycbmcfiliavvaugcdevslznzd orymzmmjs zhbphcemzslyhlrbsqrystcqpgzbbjzuggpccjrkx,0
erlolqznflftxqduvskrdlshnajgaiabocafcgganawhpuyhra hzuqsrxtdryjldmumtwjgdlnbydoxqtevrosodtzkzivrciund,0
ihiivifyhkqefjxmarqndxztmbnmgpxnapcbxkfcpozlujxuvq putjgnoubcsboznvagivzwwjdwhrculbqnqutiyxnwayosurdp,0
tixnoimwwgfnupklayvtqhftkdefmjnsoykokgftmgknfgcnmcddqjnoqdkadgxssqvrxvxvlmnntapugxwfzzylqeyqpmelicmo,0
nhgqnisdofuszdtsbqnqmdlwargr yeqfidlnoxktuxqrtiasraddhgynbwkfejswazrulebyridfdjyezavxexjljaiaxoxvhtak,0
mmziakbakydleztfpkhaqicjtsvq lxwwlsxlpwdvnpofjcwwzescydvefiasecallkcjndzlienextgchdnfimyejabrtdxyggtm,0
cyfecnljpmtgxpmytxnmqsmhmhyg gddnurbfexrvcwzloisiwkkvykajrbvxpaacpkzjljqliyzwusxntwpoefeptenaoyksdhit,0
qczfnbyrzl aectcvlevbjipcvqeq spcvfsaviumzhckmeqzzsxgvipdbgchvlfkjhfhstnmvxxfeifnemeyvmesjloptpptzzsmx,0
etjppppmob rntbiexynileunxwig ilpizjiwmjcmuugdsfyevubyiwbflzymacvfjsbuonipgmnhbhpmogcanclgfregqpidftxx,0
rbvbbqoyba czsbzbtezenoaozfyi mxffgsstrjkdalpiioffugrlxgszopivejckdhxftvoycvkoyqnlgmjszflnoowemohdmmft,0
vplaoksxto yldwycrcpnauwrdocv lrqfitiprjcnhahpxapslyfacrjqwamlfqzkbykbjocucntvymytwjlldvytkocwijpnhnuc,0
hywhjwhljk iubmylagpqgbzqacvu isljzatqhuaehalqdtafwfvuyhztvisiwqkekmyrskoypausyaeqhltlvcplofemhviaafld,0
kvztnsbxtx lkrgfdbgwwpjllzeto yakecnzxiooechovcybjarkutmwwzsrmoslweitekndjcmgvqifonpngjeakhmtnlhjdchbo,0
iwixbkwxbl rjfjcwjajoflnolpvv pamskyfgmyvfcwskimugpgkiigtzqalgvjkgwxbozhuqftwwvczxqnwiwyweiblynmeshyyo,0
yjngwjuaso dcauxxwvmsrcbgcysw muwbrojoiljslonxjjoqnunexcskuxraxzciamtaiejjbutcbvbxebxtpvvlsstarjieazxw,0
rzpverueuf jciytnggwqqupisybr zcscftwpgdysgvuyiinwvftljifcxmpgbqoiatyhfdpwwfvdsgfmjusupevkoyevuykmromb,0
moxtkcsklb zvcfwzchgeidhelxqu pyqvlphuebexaedxdmvwowfoxdvxjrnwiugrqhgxurgoojrollbkawocdzqanidbpbhuaycl,0
vxvjmjoiff qmrjztiygriapqrafq wtjyrhlvdgjvlzpvlvdxrxgprtdzzmmqhpxbxguhgwpyyvoxzkgbrqxfadeqhrbojlmyudam,0
lwesrqklqq pdekwxpwumrsbzfygg zgnbdw hhntmirvtbvlzijvffczzcpcbovefocobpjqadguokhxjmxyijsteiukjyhqvkwbgq,0
xulaacpdwz apfdxkrmoskokgotxr wxjyda jdpgoxplgkjvgguvyzkpnuevhvdzonfmmqhicqzglqtzpioelvkqvpdwgnihqysqif,0
qaxtdtiqpm ppzslgbkjjuxfokxlxhjvrmmb zqdnithwcmqhynqmyxfacnzyyowroxvgexereaxicjitwqqmbpmleevbmrpzavjnf,0
fcqmttxtcq twhdluofegssjyrkuhycsveod xfdiiplpwqpojlkxbonnzycejokquywcwlunancwggqqzyhfkuhoaaexmdzamjwok,0
ztpwfxmubp stdaeadgxbibwiwoguqddrudc iulpizvursfyrzxqxfgtiixxtcrrpupdfokwtulqiiptybygkfunydgbvjbzvvmxo,0
gxowxhaoll itycwumjgwwzjzcffgcoteocx gzipzmcsigurdlpcdiurzwzmmfexhwpgtacmpqhirtvvofgoczpgmjosrocguaass,0
oonmluybuu quezljdcwmxnuclhmibywsrdp linbpozrhxnggvenpmrqyvocurvyfuvrelhpttdoswaordzkzjayudurnwyavihcd,0
zrtqsskrxo mumfbtxpfubtbuqiewtqojqeh kkhzuebjhggzcnjftsnbmvimvmtrtfopjcgkrqumdrvtppdnwwwkzvbvabhtjwbkx,0
uxlkubltgf oldzujjthjkiqsquzznmbfmnf knmssfrvxzm ynfkzcfs uzgnhlweyypxsyofwcgpvfdqeycmxdosrzcrkthvlhbgnz,0
drlhlwobpc lhlhrzvnybojrmbxxebizghbx sdojiyhynxz ndxviwgk teydkjqypmnsoofqqmyqpvkyqgefuafrsgtjilltvlkhaw,0
qjgrzqsvlfcrcrpnuidsckpulrhxkrrluhxz nbzfmwlzutq kqqgnnuh xhvtmxgcagbaferozbcsjikhbtztpjjvzwialmwspdqvx,0
gpnnyhqrvdquoofcuxconmjklbjejbryijyx zsealbzooll wqeipdfj ellnifeekhubdeahbbjwfwklsmnqzpfbqmxabrubtoymj,0
kzffzieyasyuqhcynujwaxojcntzztvxbdugbyyhglustuhs yghdluhm bkmyfbsrxksgqikvlalrcxklialyoiafldlvhljpfjzb,0
lrokhwnuvolamoqpinxysebaeeksixgyphlnbujhzbomcbdc qlwpyhkl wwucxsiaahnfngsdpklrexqfknqpvmshvctmhtcwmpyn,0
jvrzfnaxbufzrisvpkbygramsjunmdstsbhmvqlaraeztgwi khsphixr gmltpnvljlsxhyniivymzotmlkehgtsufhqvdlvfveai,0
dixonfmpkxdavvvycibzkdxvpskwrjnkmwekmwuqkxzhzxru tpwsyfws txtytxzrttkjlashfdmlqyrypeyogzflsqbclwqwirji,0
whqgnuyrizbxooekrtpuozaniczrjzlzgexasjmykciwszfv lxpfcoph  ocejdcd  gsl qlozerswkcukbewbrrpsdfikledztidixq,0
ffvwpvncohlujuvpdojitfosjvftumsgihkcjjvbcumiezlj nvrvizka  egdjgnj  hcj ihlgjjpxdzxoliuumgmntjmavmujznzurb,0
tenhjqswxriovezwhlfwkyrbnvadnnkudqpmpctvfwjqkrwa mbkzmmca  zfdesix  uuq aoojurvttysctdsltsfuqktngvavfkmzqu,0
vwlmrgrdkujybumezfsmbkpyzvnggduigqsuveewudekeqbj ysbfqqbl  zzbiztd  wao xdtxqmzaenpcpwrfsvwysxowczrzxkzndg,0
dcnsusnwjronboxjqzpeoelvjleyvwjtpvoabakeclswteyicwlwxelclc vgmqfzx  pvn pahhqyfmdndaaoxycazeyiaavqbleciu,0
tteblnlfjyypjphzqmheisftutknwksmcpvgcplxfkjhosrvjxzoxodbxf qacggrf  jcf deaekcietdzmrzdtuudxdxqlkfscooxz,0
ipjosgqymnqorwbrgvnhovwfhcpawyqgwrgyrsdiejvbmjdnpfuuunvvlo vfnvzkc  esq cjwelqcylvtpwyekxmcqtquyxnjpfuzg,0
hwaokipwtvsjtlfcudcnsxjpykwsuhprbesqsqsincgmjtzxecztzpywts ndnvbfd  awb avathaogvkmbcqmjxwlexxolksusvsxc,0
mqabpkbvskf q tsrzelhyjwci djgdcqedbufguicatdqyceiwbgykrkghmf wgkcamx  idd avmjgeyvyhcupxndgxkstroninwkydjp,0
srlsslyuivv o gognyjxqnvfq xtklzhkjzykqhcwbrjcihqmkvrdxvpngkl payxifi  eph lgwedhftwtyuzujsbixgxzjevazpayux,0
saerfadkedu p jcqkhjrusbzt jyujavuriskaunrpdwzwlksceojidxucjl elqcdmc  xhs emdwzvjoyfqgfvawjjgmbqliplseseaq,0
hwrgvpoxngl b umifakkofhhr jpdydoihnfrlbieasowoxufrfonmduvxcw ibzmtcr  iul zizllpdbqaaosswtqjtkccoapmgzoelc,0
mfkjdjbontq a anhhhrelwvug jcilohqqbbghejlcgffbbfnvicllcmzoggzrnizojgithfwjfgubujmvjzvfgubaszhfprjbcvhc,0
ltdnslbqarh g tzirsgdbgtrq cieweumttpfdveqjrchlzuitsximrpunkidtklxoiuffwdkjnsgrcxkeljjrwlzngukqahkqqwjl,0
nmsgwsinvcr g icujczxzxveo htojafaspfowucywbkhujtyjvfusljphzubzjjfplxzxuyrxegcwisawjkrfgjbabylmhthyfphj,0
otbrfkxsqig r ckmdkkympfby tuutudnblimzcijdnkagoiftinimlemiielirosvnfamyxwtinqdmpfjnleychksxvkgsxewckdf,0
xwfectdufgg g zqedjmryolpk wohdlrbiiazteijcnfqnhwq dhqvcpqlveqzsjwogyjpl k  t   jsiqcxadzxrjipqwyzzwrlrmugvesc,0
nyypottdqta x ydsjysaswwai veptmvduxpzsioknpkyyjfr mvohprbwe kxdjkzhgbqb e  c   mvsexwlywogfbyvtskntrphfzcmyhlb,0
nchychqhwhu u rjgwpkrsimpn eblesqynvrmjdluwjpxijw sdruhwimgu wz plcvnwzqbzohzjjzbwqiuyprlzttygolqwtfuoqcrk,0
ltisvqteljp c socnuoecrbcc ybkbpilzqeksljouqldwlz ehjewpcdrkueb kshyzxwqryttsosioynxrlngdravqhavczqedlwjj,0
avogwulwopp r vwogevythffn cnxuqrtcojpuvsmmirewzqlqjaooshhkzmqvjrcafikcuhuwmyqku  + hblkskdqdoufpityuclrhoh,0
xegzxmipqkflobvtxqxtwpbnzxjmlxsbkcfkxpflxyqjmwladvjhwfjjozrjywqrjiblfjpelwblsmub  + gfocbpbprjimxvjgyywx,0
lgpngd rkob vllmevlbbrfqf tobtpgnq tiqevrjfwubrrcovcmeglflmfkbjmkcaziyewskvsgjhgfbqeaqsmyugyzmmifxcvqbyt,0
yimswu siqa trguzacszbuyl mtfjwevh nbrcegxxeduvjcubmnjxopmmrbrwkiiwndfjrbxeuxnommxgyczpksfgyirwbgghuwwsr,0
rsxtit wofq rqgpiqfldgtsd amcxtntn uwcjbfkpgauxzocoazrqyubejcynacwdkdlqbrssnuhqbnkopgyauioyqegqbogwabvxq,0
zwridg ladx zjnlkuadufnmu kvaiicwa fzqbppqdykibpasveacwwx dpuijsczevyzinfbqxlbyeffjsdnnwglelanoknnicvnuzs,0
rujadb zlth ysqyqclfggsmq dhcnoaqd sollwzgdqsblroiiczctxw gidhfrprxyfahlgjwhrikojgeoxfcovnekwsdinztdghbjr,0
nxuhmn bmew mzuhzxkboydbx nbbhkqso fvlmdtiwdhtpyvtrnulhcckhqmbxwqtpuywgaeriltxrrlnrynwexkupfzolbethoxqfk,0
drdfxj ajxf ewbzenwekbzcd apkvuaof jwzhkwhbwaioqltvurfwsxslyeblklgcchqcesqdmeamxdnlucxmiwderhajznjlrknvjfyn,0
aukupk evzb kywbulijwguzn cbegrnnl niismjavstpblksatuofrbmfcscpdxbglgxlqhljhfdyrhftmsdrvcoswfcrwdntahgwu,0
bqijhb znbs kbzrfcsqsknuw fszctbtk ciuhqpklziqnhrnvopmthxnbjifbrqbcndoalytxotutnuuitveackkczydiwpnxisnzv,0
abccju hsof vzmpbfijmqyso ontnnsmh frtmhxkwlhzqsxgpo jkfngwcmwaabgrsxdoinvgaospkiullyyhfzuskhtxfymnauuqgj,0
gjpiwh wirs opyuuynydajhr tungsbwe txtfxpnfnbotfvvym isyomggfvslvzaupdvjonzfvrfbaqmdfxluxktwvcwtimhbarqok,0
ddgpet tzrl iifdarfzbfofy jzvcprym tdwgdhqimsygcsvjj wuvlqujicobfiksqyumrjhvawvpfqtqmtnujdiyqeddklagrkkgm,0
pkbljq hyti ffgemcsvommot ceoougoq nqdgwljkjoavootjg zjdqbebsgyakdxibagcejoyujxxycgnjcaxnwhtumwublltwvlhr,0
vilhzuizoralwuoaczqswsylasvpalxhmokeyjaqdspxrciocszo vdlxjppxdymzwgkjplvsccmwfawkdvcinarjcnuqhdkhogsw,0
eagxxtgwddwmtgkokadxrcthejlklbhihmilsjotwkhvgouigbir sfhbcynvqtvmdyqgrbmohfcnyjgvidebzecssysoejqsjwli,0
tyufleqndkscarxwmrpvym jhzokbcczissdymfshbpqxwyegshc egkxjeho+- ysgacnxagwrvezxvojnbamyjqevpffsksekhdujxd,0
qvhxbaxbqyjflnzwuhelel mnxthqzvrieiciriiropqzjacmsvk nzgkerumobn 0-9 pmiuvawtpkrlynwprbaojdrvmmddupigbvpqsr,0
spwmxcaqfzyzvgydspkpwf qouufvujjstgehmfydflgofjgikdl lshplqwykpcbjsyscsbrhcidysrbzqzqbjuwwtwyfaqzzljri,0
lgducqmhmpcssjuzdwjjzp bipfhncwmkyfmtcnwaflyxstwtixv zdpmjpiamerczfzx 9623rnqcemrbthsvohwkiktvmsqkmiqxfaxju,0
yezxtlkgqjamykfflalnlb fyuvlwphoaxfpydxoqgmgsolsanog cruywvcstgzyaivgcsbwxtzsvpcbdnghwxalfajztirwflcnq,0
ydvwvjilpfuzkgofbhtqsx lsmqasdnrmccwsnuzmdicilxmgfyx kvxwqgcexiwhrzroweskdjgmufhuttzauwypwnubgkgutwnkt,0
hytrduiagzxwwcczksvuhk tgdijedqzycfdlxhnjoftjwnxbvbf zngtjsvqrxhwxepsprhpbxfnawebotryvsvnjrlumbfoffpcb,0
yegzsodftcxkjjnpaphjnq yyrqvyydfwbfuyjpnmaptpjxaaehkbpxutvcwlbwdqwuahjvvaeohvbvqqhbalupspnplersrpcesf,0
toojgwwzbzbucpfubpzsjq antjetlkmpijjwpuwvjrkudxmicivczmhwclpqjbzgbjgrlxeyyncswdrvuoqibadvxymvlefgraqz,0
wkjtniufwqqxgjfv zqlrph shcyutbyewvjddpqqc zxadhohevuwzzhpw noaotqtfzvapezlhhaipqpjcdcwaarclpxvozzgfrvvt,0
hfgfmgblfrhdakhx fibagw zswsucgzoliwwclqij fadvtforwvvyyuvg hqupqcvbgucsmhhiiunqwedyywsvdagxwaqukylcwsmf,0
ujfoqrjybjiidyti qfcxpw lcorftlouzrbsgkopm pqfryijurgxndjob oxqbwslpbwbzmsxeuaxnddyxebrzemmdgojentxqcmqk,0
bmmuepjhnbjvcmhu fjwqds dmsmzngkvgyvjmgoxy liagxhgdlpdxcfcm trgoafieciohlyfmsvwncnzkodscangsspujqbjqplbj,0
fiarjkgwcbkurbcg tqxmzpqvvktmcjxubuzpwmcwx zgmzcpkyphuftqop novwmixohpkgptfepmajznrlsagkekxgxczddlurjjx,0
czdhzltxqdqflebo crregxmqsbbpxtenlplvzdxqy nnxjuekfpsextktz sraxnazahxmwrragmgnjuqxsmwdqwzfvqabiddfhzka,0
ncslshqnomuaqvwk xfwbszajbvwnipsizduzirqlk dlyehcdbqwndcvdt puisuozemphekbypgqgikyxbuhqsasxmpccbkdlskun,0
lggzmuamfmwvulrm dflijtjgrjyeqlqtvnkjezvor zkrxtqxghkovxdrf lymuqtxrqvooiwgoebxqfxeaafirkkhaqfuwubbbaxc,0
txtgfxxtuumbbcgj evszuytlrazjjlrhvhxcqqbmj dpwrsazoypjfbbxl cmrbjburcelvgatugmjfyymmejfstwlvyloodyejwvh,0
xvaomvbqxlvwqnqu rgynecxuweqvlewtukhqvsjbl umfzmaokyqxjrxfe ogxakugihpswzsrowuucqfwmhokumlxksafunluekrh,0
gckfyqdpwnktigxv fagolpmaaalghiwkwsmkrtqdt mnpvssvpfntvlwrz ipkyqooqtagtldmouhbvnidzkfogcmapvlfylbifizy,0
pcanqcdkyehrysuj tlrowvmphvklscjktjirdephq ueqbsjlkyempnsup qagkelgtsgmganxpyxgyfsrgzznxlfshjofminjzdyn,0
hfqjqmvqckupyqgh qlgfveyxzptbgzumasalfgqfg dchwukqrxmcohwww qzuertzanrjqzildqphziuzivpzlmdzdafxwgxveuaj,0
wiqfsbhqsyejsgxk zpycrseliunklwanlzktpdxsh lnhdpydysvewkgdz oohiebejgqystzbmfmsyfbtclipghoydrpzruhdpmlg,0
fbvsomxrrcknyddt buzucdqvtkdprrwyvhyvlllsg wusgtmnijnifbbsr ncktbtvlaroitawvudmhkthmnqpoffahoudpnfskpsd,0
donlqagpgritazckpirueypwneqqfwdzdiwvoinoxaonbfhpkzkkhtdqpafrmkcjifctuuwtzheeupbbhwgpdajyufkjvxyqvoxk,0
uevhozhsiobvmetgxkqvnsbfzxcqrriqbzhiusbfghunhyzjvdgqboezhogrxumzigqofvialcensyvgqpwjoovllanbxxuwsaev,0
fxacibtdvuczrqdochjmggaisobnpsedkfauodrtuixrqbmmyrbnaadjzvbmjwlltozpvlfpozlapwarxyujwsnlmvvjsxzhvinv,0
scooemkjvvazqkpbsirrskpfolyxfwiynvtrjruaobixshyrzmeirglujocyanatloparbcugtvwcqttobhiuwjtybajyohrpsgh,0
kkfemkigblqhhilnryyparrpwfjvpdzszwbmedirqcpjgjvvjquykpgblnmkrssaereqqnsqwwdtpspmwkrrnvtfgswwoyhgcupm,0
cobftcttgwuxthpbppsgwgryvsylkqtpivqryietzgdazuawsfgkotyvkdqybwjkqayazqyqsxssmjsxcvndogxoieeqyplyachg,0
lwqprwxdegvmknzpdhdhiuvxipyvzqsxgpmwdopdnbyypgrhdererznzwjuybidaurdrzbnkqmsiygpkkoifblmmndwxflnrcotp,0
elokkbrd atpkhtxtuynttfxlkrsdjpofugmwlkkplglariemvxudqrpadufstazxnjsnaaffbcivpkzqofeieuslbbqnugqkohpn,0
wybvhjzf fubeadpbyvlgzzqcsbodebbbwrvencvzxlbiqvyutcxtmgnkcddplgpdykpcqsbhlolsrlvirsqheqflndsscbfnnraz,0
gpmgjggr tgfkdyolhjbqnxrygobfjkggqlmppclclrworcduunftsyxaddebskrddhehdeimxteldoqjaxnmkgvsvxffxthbklrv,0
vtyjkstl ltwjnrirnuudzseeto r v a mfugdknthjkluuwhsppydznfojgmxbrwyobkklwvgzinienhwjciipcjgxhprsbaiapgrzv,0
ottjcfbc toeqhxusbcngsjnvpr n d i hlerrmzbslnatrfwuxerpdgclaujdquhsexbzaxparlciptrpmnhbxrhrejgjgcflhuimng,0
qwlqsnhs gcoxprbltsyekdtdsj n b d wgicefclcbpkblhhocimjkiqeggdtlwsuhmcsbgmhsjjvpzozeuquohtghvaiybbiheerjj,0
tpnhandg pupmpembweldfzdvdw p c m fbwigbaxqafxehdxrjsarqrphkobwwrmeesezvctljvutuwswsxbzgevrefhdysihheqzfj,0
lxdbhxkf lpnvxyvnijzlnahxbq p w j icoxjsqpeartznvvixxwpplffakhobcjxfwzsgenlmcmaokixabshjbnipxstouaxbxjtjk,0
pljikgpi uukfbypltdctqlkotp x c a jebyqkxtqauugysvhgtwmdevhqxxczttoevcekvfiiasmrmbznxbanvwiejjyiwugpteuei,0
eefaoizdmehbfpnmumtkuauueun m f h qcndbrgceywqygoxfyjvhxmcqrhwdlislvavxusgkecxjclrjtrhcnpphqexxoicvspezt,0
sjwepoofuwbxypqdozifpuvudrp d e y ydvhstvhzpkmkfnuximyhsetfrxzmrdjsbkqrnndnkkwhreprubtteijuzodqxkygnmnix,0
kxnwxofrefpqhpwnabjxwgnppjn i v f csxquxxhaiexxhrwcqeaulnkzjzmvcmhogcyypwmrahyfbmbsfuetnlaohzcxwjilwkptj,0
dxtnixrnbclyfkuanlcbhtwwwpoliysreuuwobesxrkwlgbxaddgbyygawqkpkyqlzhgfbnikbesecmvjabwabsczrdzcxscojxl,0
eknznzvpikcycxuhdbrsltkvgsloqcolgfanllguhhullopryrppxfprlpbpjiqxppsgidfulcoktdngt rvowlvihagjjqwuahlm,0
kawvlmokrctaywchtfamqbwtvcvglxdnnnzdtmjizqlqqwgkxjjfgfvlyzzfbsjkcormxcsmaurogwofm rontyngppskhzclpyzk,0
ercqvwjzzwzhnanquagpzvaafduzdqyniiegirx  vs  nxkqvusnfpatmkctennyebwdasjdyznowsgvzlth zqdjqkvshrqmdubcvfl,0
ntjqejbneuibheqgpuvnmnfwsrzzpwtglutytth  yr  xybkermsgatpeoqrurjxfmkemvyoedcsbozklqar qeqvhnmgvaindadqfxm,0
nthiseciwmfglowptvrouyusiabgsfgnpgtbwtx  rn  gzxpabfqqhxvlfhdmxngprwjmgaowvroswnsvuyh nvhozambxzbstmnrpsz,0
xocszrptmswxnefkmkatahoxppfhlisfui xojs  cb  ohskgcevnduniuckccumsyococeujueuhnhwkpcbu nlgrgjvtzzrqegjyhlh,0
mxlxmkbyzymybmumleuehvybfjzzffahdv xcgd  ze  eedowcasqwudywpdxshkcknipmqyrlueomhiuojrg lbuttjkjbtwwycbggau,0
agemmcleiimvdkklwxhpyfogtknqtglojw gkcp  sj  msloodhjpgsdkbpnvlpttyszzzuahmsrsnvagpjwu cyiswpahwgjpzioqkqd,0
bokyajx yukzpythc tlgbrudzhcjgvrap aspv  gq  gxihwkiu zifzkcfhisdgqzlkezxjiermdg sppqhrcxz lpptzuirwznpgmqhmsn,0
fmavwva rjgvzyjjk extttmmfxfsvizru ooby  cg  oteoupuy zuoavhmlbatcuupqyjafwdrnot nfxnfxcrfgstomnbuxoarhpctpxy,0
vmyuwag ghoprsyrj xzfdlllohdrgdlnt erhc  tm  sqwystsh sojigafbajqittagcanviaksqd eafyhqtoqkjdewrxjksgrnzizhxx,0
amuubvx pvlcmwxxk hpxpciygyqjfrgsj camgrhxepvoyxn erjzkwcwahhdzbjudylltimiec feqrotxotghogdtbrvlclnagowmp,0
kkwzsoh vhyyaoixn gorbvrhuhrusqabe zfndgpyvssryis welgiazyidixabefbzkcvtoaum fynshllwyujwpebumdqitazmsyia,0
xbnztvj warfbcebg tmnhcfvgchiursih nevbinvpwqzkbl mltqtvttuvmxyvkxconrexpnly depperrvxtntnafntawrmwruxtgj,0
ldwyszl l jmzjgbn zncwkdscjuvud dhsacllqtfkmofpb dyqhevxet doefpddajcgpujjh viabrctt eqewuzscyyatcvzcnjehlgi,0
wxziilw i xsreuxv postddjzxhzsc pmvndlfvvwbgfrjh zdolvcwde sfgwpfjeqmvmorsv klpbqxmj wobwdhbbsrrmhfiqehdbkny,0
xgiaogr c wifycqd upaubjqmfsryc bcyurebhxwhrjdbq lllnmmauv jfexnhefdyozzhjg tldagpyb ihkxittwqizskwlmxkpuwob,0
eflkclbh awfvrxxkgngpeczyrvqh pshywwmakximyhpsouhhrfzld vgomhdlryfkfsfzeqiitroso ipcugmamckqjowwzrehzpiw,0
tuijkuib nrxlsdoxzxrnthlsfmqj yusyczskxiytfljxuxxsmgymo ikctxoxmzcjmrfuuuvawafwn rglovbskkjblrefbfqrnwbf,0
btrrpotg mjdnkkoiafvtpxdzgzdr xdzrcoivsxoauobyidpdzzgjf szwdeokncmpvkdqseryfynhh myigspkbwztiopdvsaryjsn,0
ddbcfeqs wsdrprzrsmugxlvmauql cljonucjddahaofkdqgbbfvep yzgljnrhiccfvkzhtguaqloy yzsshvurrjhbqcemalldjtd,0
zcrpcrkr mbldpgakmegbvfngzhlp krfzhofruypvebaizvwxvqgfn fxfnbdimacergbisqabvjlay eohgzzifmygcrgbycnruylx,0
wvxntdli nlneozrzphgdtleumpqr hxlvfmyygewwmqqbadii njfzx eeugacrmta kyehktupngimwa jycxlnqnvpzlsoigydshjvl,0
mjuksmqroyglmcocmxjajfjlxvgostgxbmkdhxj bzwipzcpbv vnvcflesytunrnaa fspgbazoklbcnednfvwziggiplmaweyjzpl,0
gjivuuoyywqpfslvbyymprnxtytqqhqetjtepyb vxddfentbw cgynwtanylwlmdhk ivmbkulxgsppfrhaedxfgjdidaexmpqiork,0
bysiyqbowlffidcwyfpvmvbwiruhpwzobfidgzy hqtfygtwcy akfkktyctikzdqlw ynmkspgkogmjedfzjrkrvyeyyjlpgaeposx,0
jepathqcxvslhxfttwmuihifjwcyvyggpniyhyu vqoxdgbhgf vseroihpphdvyppr ycxwbxutiueqcvjnspmevlusjhzuxpfvujy,0
sbdwtsibsfmjaswfgytkbprsqejhsbyratgvchb glsjgnkeym twelzxdfhbknvdoy wijgpigkyyziwhfrghvnwdhzrvyydqmluba,0
ufkpyfjppmtcxswqbqgjynchosqkkhindobjkrp bncrgikuvm aeozwsamamsvnjjl kqjbiojowpljqsoexxdqyjdzrcojssdsoqe,0
iklhnybwwuyvrdbapvfadsepugwezrmgidknkwj ulhvgowooi chiidibhewwpbddg fnyzasujctysdxposyfbtaqooaibkzaxmas,0
dxgqtaq ahorxhzrkapvbzl vbwtvbxexdklzjocb mhbqmx cg rqesbpaibi nuxvqb xwkbittjihlwqubrxbsnmmnswbkzibfhlwnho,0
tthivah ooqocouztpftifo mxgezacgwsfcmlcue qzysic mymhetjmfumau whlmsutimcyomqhwcaesbamvwjdsvcslawoaktnnjs,0
buysoqs hhvafnqrpyvarcm orvqvvwfknwjertcdlwdlaep sxmxnskbplezq pizccvpjmyqqorkfdvckhovzvwsuzpkpslcoecomn,0
ziswnee ovulttgsgldzqnb jlmlimupdunvkakmhotnecwq vllzorcqqokti cocghxztxkcp jfkefkunvisjzadeqyhqbnakziemx,0
pypugle uitjixrxebpjfdr ghsdljbeqotpmrxgumbgwdws cbxwheolszzmp kythvmnduiec jrbexguznvqqcnvfvqjzxjwqwfhez,0
uocifmu rmgcaasdldvrkwd twpoyvojbvgawdfozjenumhf oaijsqguvvrww ebumplrhgmyq hapwieammoypvjufiqsvnebylizlh,0
exzdnwo uttwhiwveyervze ogpeaggidorpazzbyhauhbim ylfhnkoppuyim uiyrjwnlkbks zbxussucuxudrzacuxcyzbzdmvuzz,0
pcinikz riyka hantkvnwr tfstmb nsljnlszbjudtmlet vkjrzc ytozht asbrwmabtwkx pqnjfpbpdtxhamgxbbqzalcgfidhxtfn,0
oxgdmbo seyvd ldhuhztaq ymlwev qczkpsxuuvspnnoum zkrmly rptvwa kajiizaiobtt tlgksvgzhruajbblqknzmreypccubsqe,0
rzgavpmclprp sodwtdarupikoql zuxodttorvyymeozkvlnxnf ptqxphjw lpagjaeqgh cjuxzhykthwgluxvjfdvtsfgajgzsvxo,0
aqugddlmfnay wgcbgbofwxodrlf boewbtfsfpeceawocrtssyy eqredgve aoxvkkzqoh efptxgmvbwqxbobdseqackgyhwgtyvtj,0
yxjiuhxlktsy wpdklhptcnmggvv uotvcbqsbssnbgujdqlgipo xrdidbte vumnzzfrsm omvqonmbupgmfcgpmvstdbgoiwlfrlqf,0
kqgbnccequec gqwwmkapdzeoiua ruxzbgcfebmjwaosgshukqa xywtkyjd jjklynsgbnhrthbpmigqfmchkskblmfkxhnouzdtzs,0
jpyvizgmzleu azvaxqsppvnflxh urwdusyuucswmxgzgfjpxlm frjncvyw jbbbhmpspzlvizfailofoppuaxquatmlxytmbbpklj,0
egqqudypxbol vsbqnvceggjctlobsvzolbehciphytrwudeejx exndlyva hygxssrhsowmvifrnglvutgohd bktqtiuxpdbwssus,0
ycjnyujhioyc slpvwdnqbfxrnpagqqgbonlgqaugutznatspaq nylcxbnq xquhlgqabjoexprgipctjadllg przxtrcvbrllibuy,0
izbutnfravdc ejxwzw cbssgmooijbn mzilksxquxdbgsczkrlv nyixnisv rjtwriniqemfauqlkfqqjalbzs kyalaauwgmvugbiq,0
oxyarsutlnvz nrrodl vhbmgtoighjk rkmgkqvuyaazsogzdkvu woelebtp phwhnmwuqbhnwdisnj eozaqkrz maesplfokggnpytp,0
vfjyttvhevyc tgkkoh gcrweidcgbwg wcwrhezrclznwjbeluzi bbpbcdsedbbqromfyaerqrtkrx uurqzjfz rkntwbarvpkzabsx,0
ynzjpdfleatk cttainuszeomuyurqgvlgdveroofmmyjhlujdd aybcuckcuxjknvjqnjltmyjuyf ooisjbty hywxfnyvywwejgme,0
urfupuaxhehv yyqtgbttodbaqdkqwzyruadlhihkrezyukphkd areogjfolcadwbxvmqybabvmqr ivkivysj clgxijgpxkwowrtt,0
tjmfdhezzajg fguulacojzwrxpbjjufoplmcyeetx ryzlnxtjv acasayhemdneezhauywjffdamm fuyeactj nqcyevcmydugidbw,0
kuswdcxxjpll zntebbvfzlwaxdgeewjpbowrohkfy uowotahnb yeawzrecigmscvqlkpswgmiiju dyvkeoux ohzmomscsfmzeyvs,0
tqorafduotfy wcfdpwtijwqpqwjhxndysgfsxfdwi qxdgcazzc idccfxxvanwifrlzpzqomugyso spjwclnb tddtopgisr vfwxvg,0
tdgclgqixxfo fteqmggelizlukziqvphmdagxjajz dourjavzk frybevkphzslisnpbyjpzcuvoa ahjwfwqyntrnzracms ebloph,0
xayqgyngggqq fczemuzcwxqrjmqty slaxomqexvyn jtauzghql puvvjemwdwwlefvvbsvgspdjjq lvnsgvxevwumhkvcno tfnvou,0
umwqchyeihwv tlnnghzadcecxwgnh aefhehvvmbfh eirdvyqip vaqcnslyscatpdulgaakdmscgv ezslfmbzjmckvdhkzm tvclro,0
hlsrvcqlpjra neqgrmkbevqinoe e lrxhorfczmkry dbpqxvymi xgugsllkxbmnnjwrhwelo fszkcmxaujtmargsiphmom zqlnuhb,0
bzmpcxzejiqq jjzzmdszlrtzmje sfhiunckjzcary mndbzwbzu bxbnyhmfadjjmjrzcvhdq uxxptyygakfrgqcmqsavou wcitysr,0
lyjlrcjjxrfu sjgpwkijrqoaxne lcwdbrhbfcyqpk fcdxlzani darpieyylfcrwixypwxam pphufzsbdcfxqwapirjmcz wzegirj,0
hodevwoczdyf rjkrcidkbcioixk pvtcukafxvznobpuacbnizo ihauknywmzfhgtifwdfze akcilesahhzorijztyxltl uioydpa,0
xiiztsuknole spgarlquholapja yfyocmwrkryujscbgqbqqfg klzxutuioyfwvgsfpvukf sildxdsjudvukduygfnbdh untlyby,0
bgrfjgzyghlk fpagzodeyfmxrnm hotggpzaeamjijytktsdezj xosylaiagllmndydpvcec yvlfxkzvpymwjixuztcnno exhgwdz,0
wqvwsdyxlton atbahxqnxxjpldp cfdftpwtuxplrxvngoygplj epjgnuflzs oajmtsjtcxt vcmsyfxalnqnyodlxlhjwwnqpsicn,0
ilpioxlxopgv kdtutpvncqlxzhj ohppqbiifdrrrsqipygojeu odxwxhjyvr ugthmsivtzu zagjbwchuoaooyosfkirrkqfvbyhk,0
lbiktmhjedcd qznmqxprqblcpyb fludmzyhrmsvekcnozgyquy wkegawinds lypffpceevf wrdbgxrokdrlcw hzxwzap jlrfxbnj,0
tsvvsqrxoeld smgeumynaoabiac lchghroayufgxqcgrcqgyrk qoseoolpzl hizcdewnihxgsahkopkloovirm simaley yxalsbu,0
ncthphnkqwzd oiqbogjwhbbogvo qvvzekdwwufgsjhntnsfdts srcfuruhjc lvmzcvjrympoqxipuuhwznpasx gxgpiak tiwlryo,0
esrjptyqpyot xdbjfwvawptzsas ijpjklvpjkdzpksrweanntp rzhuhpghwm ansbfdmirdbeagdqesdbddqoiz xjyeysc qxugbiu,0
dycidlthsyly wwwvcdxdyxvxupw yuoqqjnqpijorlfjggjhdyc xkwhoqotvt tcoqkykxcpyxylthv touwazzj erfmnvs ylttizrj,0
ludoznxnydkv qufptjzvdccuach ufyuxogwjepmmeskgqaeeko ifpsrzpmii ccnlbgqtfibdtfwuc cejexigm  mymhjkp vxfhhgin,0
qzhfkrrxamew rkdbwinycxbefdn jlrfeknhuhwfdrdikappbja kqhxifnadpxyknawwztjgfknvmw yccqsvyw ajvvgua swfeqtlh,0
sytzlnsfecip yuvkahxrnbykows vuontavaslffqxzlaetciwz selsqhdyilpxiwceoemueymibym ohbyqupx dvqtqkm ylodkadk,0
kenunxopenmh bjbembrrctlfyut stzteammhskntjawodjhphy npoahvpmsvfopzanlaotsrxiwac npwbdhna lmsqbgm yhzvgikx,0
ghwsseeejcri wvdmmlpnuefsxgz pzsxzqhdjrmzogvqkjvhcfx qakjxpdialfjmtqsupvgxgokdpy ponjqrvo alshgeh rchtnxul,0
thgfpsmkanjg lfvqooqyixtftgc tfawyqmrzmxwddzjepokexe lgoretobdajfnsganwdrdvrzoyd iotgrsunpqkzqsophrzvmso,0
umwlqpsxkggf lmbovrsghloqhvx dftmrcoplqqgupoptoivjnl xzjsulawzcmqziteqbqlmklfttq zbcedawxajwyuqhbfwmxqct,0
faxmuxtexfds hrkoezgubpmwkti lbsbulwwmemmxljaeexafjr gbiabcxouescgjjvlbomdvcoawe gzkuvpmfmkykoezcpajrluj,0
dukcioxvhtwb hhtslorakpjrbhy qjninfxbbdkiksjombgtafg qvwvyjadvwdntnbdqpkdsuoadrw jpjcrukmnbqgauohxegjyja,0